vessel_name,year,vessel_type,attack_type,place,region
Lapin 2015,1,5,3,9,2
Ocean,1,5,3,9,2
Petro,1,5,4,9,2
Joaquim,1,5,3,9,2
KHF,1,1,3,9,2
Songa,1,5,4,4,2
Kien 1,1,12,4,4,2
Kien 8,1,13,4,4,2
Musanah,1,5,4,4,2
BW,1,12,4,4,2
Bayswater,1,13,4,4,2
Mineral Fatih,1,3,4,4,2
Egret,1,3,4,4,2
Fujitrans,1,10,4,4,2
White coral ,1,3,4,4,2
Sun Birdie,1,5,3,5,2
Rehobot,1,5,3,4,2
Amber Halo,1,3,4,4,2
Name withheld,1,3,4,4,2
Global Aquarius,1,3,4,4,2
Bridgegate,1,3,4,4,2
Sea Star,1,3,4,4,2
phubai pattra 1 ,1,5,3,5,2
Amber Beverly,1,3,4,4,2
LBC Earth,1,3,4,4,2
Cape Mercurry,1,3,4,4,2
NYK Daniella,1,4,4,4,2
Singa Berlian,1,5,3,4,2
Ore Pantanal   ,1,3,4,9,2
Songa Peace,1,5,4,4,2
Union Eplorer,1,3,4,4,2
Captean Giorgis,1,3,4,8,2
MSC Vancouver,1,4,4,4,2
David Tide 2,1,12,3,5,2
Micyln 259,1,13,3,5,2
Global Trinity,1,3,4,13,2
Aqua Terra7,1,5,4,4,2
United Treasure ,1,3,4,4,2
Nautica Kota ,1,5,4,4,2
Densa Havk,1,3,4,4,2
Dongfang ,1,5,3,4,2
New Frontier,1,5,4,4,2
Voge Fantasy ,1,2,4,5,2
Grand Rodosi ,1,3,4,4,2
Alam Suria ,1,3,4,4,2
Name Withheld ,1,5,4,4,2
Xuan Hieu Group ,1,3,4,5,2
Kara Sea ,1,5,4,4,2
Great Ocean ,1,3,4,4,2
Hugli Spirit ,1,5,4,5,2
Frontier Youth ,1,3,4,5,2
Medi Yokohama,1,3,4,9,2
Sicilia,1,4,4,9,2
CS Calvina ,1,3,4,4,2
Maritime Champion ,1,3,4,4,2
Saga Journey ,1,2,4,9,2
Tiger West ,1,3,4,9,2
Milos Warrior,1,3,4,4,2
Overseas Athens ,1,5,4,4,2
Name Withheld ,1,5,3,5,2
Epic Sasa 2 ,1,12,4,9,2
Poe Giant 19 ,1,13,4,9,2
Jin-Ei ,1,5,4,4,2
Maersk Tacoma ,1,5,4,4,2
STI Ruby ,1,5,4,14,2
Okyalos ,1,3,4,4,2
MTT Tawau ,1,4,4,4,2
Orkim Victory ,1,5,3,5,2
Name Withheld ,1,5,4,4,2
Orkim Harmony ,1,5,3,5,2
Water Lily ,1,3,4,4,2
Harbour Trader ,1,12,4,4,2
Harbour Jupiter ,1,13,4,4,2
Clipper Posh ,1,5,4,4,2
Pro Triumph,1,5,4,4,2
Densa Shark ,1,3,4,4,2
Great Hope ,1,3,4,4,2
Birch 6  ,1,3,4,4,2
Ocean Trader I ,1,3,4,4,2
F. D. Angelica ,1,3,4,4,2
Pistis,1,3,4,4,2
Giorgos Dracopoulos ,1,3,4,4,2
Te Ho ,1,3,4,4,2
Leonid Loza ,1,5,4,4,2
TH Serenade ,1,5,4,14,2
Olympic Spirit II ,1,5,4,4,2
Sinar Bandung ,1,4,4,4,2
Rutland ,1,3,4,4,2
Diamond Eternity ,1,5,4,4,2
Silver Dubai ,1,5,4,14,2
Matrah,1,5,4,4,2
Lion King ,1,12,4,9,2
Maritime East ,1,13,4,9,2
Slettnes,1,3,4,4,2
Name Withheld ,1,5,4,4,2
Spring Sky ,1,3,4,4,2
Zaliv Amerika ,1,5,4,4,2
Federal Crimson ,1,3,4,4,2
Overseas Alcesmar ,1,5,4,4,2
Matar N ,1,4,4,4,2
Ibn Al Abbar ,1,4,4,4,2
CPO Norfolk ,1,4,4,4,2
Pacific Assurance ,1,3,4,4,2
Tintomara,1,5,4,14,2
Navig8 Stealth S.V. ,1,5,4,4,2
Maersk Lebu ,1,4,4,4,2
Name Withheld,1,5,4,4,2
Peace Bright ,1,3,4,4,2
Atout,1,4,4,4,2
Aquajoy ,1,3,4,4,2
Princimar Pride ,1,5,4,9,2
Yorkgate ,1,3,4,4,2
Ratna Puja ,1,5,4,4,2
MOL Brightness ,1,4,4,4,2
Crest Jade 1 ,1,12,4,4,2
Chamchuri Naree ,1,3,4,4,2
Challenge Polaris ,1,5,4,14,2
Hojo,1,5,4,14,2
Paros Seas ,1,3,4,4,2
Maersk Adriatic ,1,5,4,4,2
Overseas Atalmar ,1,5,4,4,2
Nave Pyxis ,1,5,4,5,2
Nord Supreme ,1,5,4,4,2
Indian Dawn ,1,2,4,4,2
Nord Swift ,1,5,4,5,2
Arabella,1,3,4,4,2
Cecilia,1,2,4,14,2
Lucina Providence ,1,5,4,4,2
Almi Spirit ,1,5,4,4,2
Merlin ,1,3,4,4,2
Fairchem Charger ,1,5,4,4,2
Beks Ceyda ,1,3,4,4,2
Willi,1,4,4,4,2
Name Withheld ,1,3,4,4,2
Sparna,1,3,4,4,2
Tosca,1,5,4,4,2
MOL Hope ,1,4,4,14,2
Bulk Atacama ,1,3,4,8,2
Cala Pinguino ,1,4,4,8,2
Sara,1,4,4,8,2
Anne Kjersti ,1,3,4,8,2
Cape Franklin ,1,4,4,8,2
Global Mirai ,1,3,4,8,2
Mahitis ,1,3,4,8,2
Pax Silva ,1,3,4,8,2
Northern Vigour ,1,4,4,8,2
Nord Seoul ,1,3,4,8,2
BBC Moonstone ,1,2,4,8,2
Balsa,1,4,4,8,2
Balsa,1,4,4,8,2
Adara,1,5,4,8,2
King Sugar ,1,3,4,8,2
Western Houston,1,3,4,8,2
Key Mission ,1,3,4,8,2
Name Withheld,1,4,4,8,2
Erik Spirit ,1,5,4,8,2
CSK Longevity ,1,3,4,8,2
Tokyo Tower ,1,4,4,8,2
MSC Ningbo ,1,4,4,8,2
Cape Fulmar ,1,4,4,8,2
Orient Grace ,1,3,4,8,2
Alpha Era ,1,3,4,14,5
Indigo Hope ,1,13,4,14,5
Stella Lucy ,1,3,4,14,5
Arabian Express ,1,4,4,8,2
IVS Kittiwake ,1,3,4,8,2
Elpida GR ,1,3,4,1,3
X-Press Brahmaputra ,1,4,4,1,3
Ashahda ,1,5,4,1,3
Overseas Milos ,1,5,4,11,3
Wadi Albostan ,1,3,4,1,3
BBC Seine ,1,2,4,1,3
Name Withheld ,1,5,4,11,3
Kilian S ,1,3,4,1,3
Helmuth Rambow,1,4,4,1,3
Taung Gyi Star ,1,4,4,1,3
Fulham Road ,1,5,4,11,3
Bhairavi ,1,5,4,11,3
Star Kestrel ,1,5,4,11,3
Name Withheld ,1,5,4,11,3
Name Withheld,1,3,4,11,3
Kalliopi L ,1,3,4,11,3
Maritime Dinar ,1,5,4,11,3
Name Withheld ,1,5,4,11,3
Alpine Maria ,1,5,4,11,3
Name Withheld ,1,2,4,14,4
Pelikaan ,1,11,4,14,4
Sichem Contester ,1,5,4,14,4
Sea Majesty ,1,2,4,14,4
BBC Hudson ,1,2,4,14,4
Wawasan Sapphire ,1,5,4,14,4
Energy Progress Product Tanker ,1,5,4,14,4
Malena,1,2,4,14,4
Mariam ,1,5,3,6,1
Ocean Splendor ,1,3,4,14,1
Pure Grace ,1,5,4,14,1
Lu Rong Yuan ,1,1,4,14,1
Green Klipper ,1,9,4,6,1
Sea Force ,1,5,4,6,1
Geocean Protis ,1,13,4,14,1
Maridive 603 ,1,13,4,6,1
Name Withheld ,1,13,4,6,1
Green Glacier ,1,9,4,14,1
High Mars ,1,5,4,6,1
MCP Adamas ,1,2,4,14,1
Honey Badger ,1,3,4,14,1
Name Withheld ,1,13,4,6,1
MCP Troodos ,1,2,4,14,1
Name Withheld ,1,2,4,14,1
Roberta ,1,3,4,14,1
Silver Amanda ,1,5,4,14,1
Port Hainan ,1,3,4,14,1
Solarte,1,9,4,6,1
Mia-S,1,3,4,14,1
Eclips,1,4,4,14,1
Sea Force ,1,5,4,14,1
Szafir,1,2,4,6,1
Asia Pearl III ,1,3,4,14,1
Sudkap,1,2,4,14,1
Kwadima II ,1,13,4,14,6
Brahms,1,3,1,14,2
Amis Wisdom III ,1,3,1,14,2
Phubai Pattra 3 ,1,5,1,5,2
CTP Fortune ,1,4,1,9,2
Golden Avenue ,1,5,1,4,2
Ocean Ruby ,1,3,1,4,2
Alpha,1,5,1,4,2
Setagawa ,1,5,1,4,2
Gallia Graeca ,1,3,1,4,2
Advantage Summer ,1,5,1,4,2
Hamgam ,1,3,1,4,2
NPS Ocean Star ,1,3,1,4,2
Alameda ,1,3,1,4,2
Salvigilant ,1,12,1,4,2
Posh Giant 1 ,1,13,1,4,2
Aqua Venture ,1,3,2,14,2
Mynika,1,3,1,4,2
Cable Retriever ,1,13,1,8,5
Edward N ,1,3,1,14,5
Goldengate Park ,1,5,1,1,3
Remi,1,5,1,6,1
Sira,1,5,1,6,1
Santa Giannina ,1,4,1,14,1
CMB Boris ,1,3,1,14,1
Ailsa Craig I ,1,13,1,6,1
Karina Theresa ,1,5,1,6,1
Challenge Pacific ,1,5,1,14,1
Marlin Amethyst ,1,5,1,6,1
Union Sapphire ,1,12,1,14,1
Crest Hydra (2016),2,13,4,4,2
Name withheld ,2,5,4,14,2
SBI Sabaru,2,3,4,4,2
Maratha Promise ,2,3,4,4,2
Name Withheld,2,5,4,4,2
Brahma 12,2,12,3,14,2
Anand 12,2,13,3,14,2
Massive 6,2,12,4,5,2
Frontier Hero,2,3,4,4,2
Cougar,2,4,4,4,2
Kota Rancak,2,4,4,4,2
Henry,2,12,4,5,2
Christy,2,13,4,5,2
Lewek Champion,2,13,4,5,2
Name Withheld,2,5,4,4,2
J.F.C,2,13,4,4,2
Alpha Effort,2,3,4,4,2
SBI Rumba,2,3,4,4,2
Hai Soon 12,2,5,3,4,2
Tristen,2,5,4,4,2
Name Withheld,2,3,4,4,2
Polar Duchhes,2,13,4,4,2
Fairmount Summit,2,12,4,4,2
Torm Ragnhild ,2,5,4,4,2
Ever Prosper,2,12,4,5,2
Ever Dignty,2,13,4,5,2
Fjell,2,13,4,4,2
UACC Marah,2,5,4,4,2
Anna-Maria,2,3,4,4,2
Chamtag,2,5,4,4,2
Name Withheld,2,3,4,4,2
Vishva Nidhi,2,3,4,4,2
SSI Dignity,2,3,4,4,2
Atlantic Diana,2,5,4,14,2
Baltimore ,2,3,4,4,2
SBI Thalia,2,3,4,4,2
Fairchem Birdie,2,5,4,4,2
AD Matsu,2,13,4,5,2
Maersk Torshavn,2,5,4,14,2
Camila,2,3,4,4,2
Taurus Sun,2,5,4,4,2
Promise 2,2,3,4,4,2
Lady Melinda,2,12,4,4,2
Pcific Noble ,2,3,4,4,2
Name Withheld,2,3,4,4,2
Ken Ten,2,3,4,4,2
Name Withheld,2,5,4,4,2
Dongbang Giant,2,2,4,14,2
Ever Ocean Silk,2,12,3,5,2
Ever Giant,2,13,3,5,2
Name Withheld,2,5,4,4,2
Name Withheld,2,5,4,14,2
Chembulk Jakarta,2,5,4,4,2
Royal 16,2,2,4,14,2
Mighty Servant 1,2,13,4,4,2
Mystars,2,3,4,4,2
NA,2,1,4,5,2
Trident Starr,2,3,4,4,2
Name Withheld,2,12,4,9,2
Buena Reina,2,5,4,4,2
Permata,2,2,4,4,2
Yamatai,2,13,4,4,2
Aegis Fortune ,2,3,4,4,2
Centaurus Ocean,2,3,4,4,2
Trysil Spirit,2,5,4,4,2
Nord Power ,2,3,4,14,5
Trident Challanger,2,3,4,8,5
IVS Sentosa,2,3,4,8,5
Sea Holly,2,5,4,14,5
SBI Athena ,2,3,4,14,5
SBI Tango ,2,3,4,14,5
Warrambo,2,13,4,14,5
Haydn,2,4,4,8,5
Pacific Jasmine,2,3,4,8,5
Atlantica ,2,3,4,8,5
Apollo Rikuyo,2,2,4,8,5
Amadeus,2,3,4,8,5
Hoang dung 26,2,4,4,8,5
KN Forest,2,3,4,8,5
Voge Master,2,3,4,14,5
Barge Hengshan,2,3,4,14,5
Shebelle,2,2,4,11,3
Bow Kiso,2,5,4,11,3
CMB Medoc,2,3,4,11,3
Serjeant,2,5,4,11,3
Dawn Maduari,2,5,4,11,3
Pomer ,2,5,4,11,3
Excelsior Bay,2,5,4,11,3
SBI Maia,2,3,4,11,3
Songa Falcon,2,5,4,11,3
Pacific Warlock,2,12,4,11,3
New Challange,2,5,4,11,3
Lycaste Peace ,2,5,4,11,3
Gas Snapper,2,5,4,11,3
Sicilia,2,4,4,11,3
Ocean Opal,2,3,4,11,3
Sea Star,2,3,4,1,3
AAL Kobe,2,2,4,14,4
Nord Guardian,2,5,4,14,4
CMA CGM,2,4,4,14,4
Cougar ACE,2,10,4,14,4
Federal Lyra,2,3,4,14,4
Prime Express,2,5,4,14,4
Albatross,2,13,4,14,4
Irmgard Schulte,2,5,4,14,4
Name Withheld ,2,5,4,14,4
STH Sydney,2,3,4,14,4
BW Egret,2,5,4,14,4
San Antonio,2,3,4,14,4
Amsten Falcon ,2,3,4,14,4
Americas Spirit ,2,5,4,14,4
Century Melody ,2,3,4,14,4
Kumano Lily,2,2,4,14,4
BW Cougar ,2,5,4,14,4
Century Dream,2,3,4,14,4
Fortunato ,2,5,4,14,4
Ocean Hawk,2,3,4,14,4
Century Gold,2,3,4,14,4
Vikrant Dolphin,2,13,4,14,4
Name Withheld,2,5,4,14,4
Ajemsian,2,12,4,6,1
Sea Lion 1,2,5,4,14,1
Lean Dios ,2,5,3,6,1
SFL Clyde,2,3,4,14,1
Nave Jupiter,2,5,4,6,1
Maximus ,2,5,3,14,1
Jascon 67,2,12,4,6,1
Canal Street,2,5,4,14,1
Madonna 1,2,5,4,6,1
Sampatiki,2,5,4,6,1
Puli,2,5,4,6,1
CMA CGM Turquoise,2,4,4,6,1
Armada Tuah 101,2,13,4,6,1
Name Withheld,2,13,4,6,1
Horizon Geobay,2,13,4,14,1
Pacific Zircom ,2,5,4,14,1
Sea Emperor,2,5,4,14,1
Berlian Ekuator,2,5,4,14,1
NGOL Cunene,2,5,4,14,1
Teal ,2,13,4,14,1
Geocean Protis ,2,13,4,14,1
Prince Joseph 1,2,13,4,6,1
Torm Thyra,2,5,4,6,1
Geocean Protis ,2,13,4,14,1
Lewek Constellation,2,13,4,14,1
MR aquarius,2,5,4,14,1
Olympic Hercules,2,12,4,14,1
Harley,2,5,4,6,1
King Beans ,2,3,4,14,1
Walnut Express,2,5,4,6,1
Vectis Osprey,2,2,4,6,1
Aisha Sarwar ,2,3,4,14,1
Olympic Hercules,2,12,4,4,1
Name Withheld,2,5,4,14,1
Hellespont Defiance,2,13,4,14,1
Hanze Kochi,2,5,4,6,1
Windhoek,2,4,4,14,1
Jenny N,2,5,4,14,1
Eliana,2,5,4,6,1
Name Withheld,2,9,3,14,1
Gunga,2,5,4,14,1
Maratha Promise ,2,3,1,4,2
ANL Darwin Trader ,2,2,1,4,2
Amity,2,3,1,14,2
Karolos,2,5,1,4,2
Nautica Tg. Puteri,2,12,1,9,2
Southern Falcon,2,5,1,14,2
Ken Toku,2,3,1,14,2
Yadanabon Star,2,4,1,1,3
Danubia,2,5,1,14,4
Betıla Arrow,2,2,1,14,4
Balsa 89,2,2,1,14,4
Citrus Express,2,5,1,14,4
Msc Tasmania,2,4,1,2,1
CPO Korea,2,5,2,3,1
Silver Sky,2,10,2,6,1
Pskov,2,5,1,6,1
Brightway,2,5,1,6,1
Glyfada,2,3,2,6,1
Madonna 1,2,5,2,6,1
Nordic Freedom,2,5,1,6,1
Ottoman Equity,2,5,1,6,1
Madonna 1,2,5,2,6,1
African Beauty,2,5,1,6,1
Olivia 1,2,5,2,6,1
Madonna 1,2,5,2,6,1
African Beauty,2,5,1,6,1
Moxon,2,5,2,6,1
Harley,2,5,2,6,1
Bouboulina,2,5,2,6,1
CS Jaden,2,3,1,14,1
Songa Opal,2,5,1,6,1
Zefyros,2,5,1,6,1
Antarctic,2,5,1,6,1
Fair Apollon,2,5,2,14,6
Silver Express (2017),3,5,4,14,2
Alpha Bulker,3,3,4,4,2
Name Withheld,3,5,4,5,2
BN-838,3,13,4,14,2
Giang Hai,3,2,4,14,2
Name Withheld,3,12,4,4,2
Name Withheld,3,5,4,4,2
Maersk Aegean,3,5,4,4,2
Nancy P,3,5,4,14,2
Global Phenix,3,5,4,14,2
Super Shuuttle,3,12,4,14,2
Ocean Ambition ,3,3,4,4,2
Overseas Andromar ,3,5,4,14,2
Arpeggio,3,3,4,4,2
Lucina Providence ,3,5,4,14,2
Ballenita,3,4,4,14,2
Nord Maru,3,3,4,4,2
Nave Buena Suerte,3,5,4,5,2
Parabhu Lal,3,3,4,4,2
Sc Dalian ,3,5,4,4,2
Name Withheld,3,5,4,4,2
Alice,3,5,4,4,2
Uni Challenge,3,3,4,4,2
Harvester,3,3,4,4,2
Akrotiri,3,5,4,4,2
Duke,3,13,4,4,2
Loch Seaforth,3,13,4,4,2
Ms Sophie,3,5,4,14,2
Name Withheld,3,5,4,4,2
C.P 41,3,5,4,5,2
E.R Martinique,3,3,4,14,2
COSCO Fukuyama,3,4,4,14,2
Name Withheld,3,5,4,4,2
RHL Aqua,3,4,4,4,2
Warnow Master,3,4,4,14,2
Star Lily,3,3,4,4,2
MGT 1,3,5,4,5,2
Senna 3,3,5,4,5,2
Ocean Amazing,3,3,4,4,2
Ms Eagle ,3,4,4,14,2
Botany Bay,3,4,4,14,2
 MMA Crysal,3,12,4,9,2
Name Withheld,3,3,4,4,2
Jutta ,3,3,4,4,2
Linda Kosan ,3,5,4,4,2
African Spirit,3,5,4,4,2
BW Mayna ,3,5,4,4,2
GP T2,3,5,4,5,2
Haima ,3,5,4,4,2
Port Belmonte ,3,3,4,4,2
Pacific Liberty,3,13,4,4,2
Andromeda,3,3,4,4,2
Name Withheld,3,5,4,4,2
Boraq,3,5,4,4,2
Ever Prosper,3,12,3,4,2
Ever Omega,3,13,3,4,2
SKS Doyles ,3,5,4,4,2
CPO Norfolk ,3,4,4,14,2
Hansa Fresenburg,3,4,4,14,2
Island Performer ,3,13,4,4,2
Far Strait ,3,13,4,4,2
Jupiter Sun,3,5,4,4,2
Lobivia,3,4,4,14,2
Koro Sea,3,5,4,9,2
GH Northern,3,3,4,4,2
Name Withheld,3,5,4,4,2
Fame ,3,3,4,9,2
Skythia,3,3,4,14,5
SBI Echo,3,3,4,8,2
Tron Legacy ,3,3,4,8,2
Berge Atlas,3,3,4,14,5
Name Withheld,3,4,4,1,3
Santa Fiorenza ,3,4,4,1,3
Jaya Crystal,3,12,4,1,3
El hadjr,3,3,4,1,3
Name Withheld,3,13,4,1,3
Name Withheld,3,13,4,1,3
MMA Pinnacle,3,13,4,11,3
Unique Developer,3,5,4,1,3
Name Withheld,3,5,4,11,3
Name Withheld,3,3,4,1,3
Ocean Paradise,3,3,4,11,3
Maritime Raja,3,12,4,1,3
Crest Gold 1,3,12,4,1,3
Crest 258C,3,13,4,1,3
Crest Spartan 8,3,12,4,1,3
Crest 252,3,13,4,1,3
Crest Spartan 8,3,12,4,1,3
Crest 252,3,13,4,1,3
Nijinsky,3,5,4,14,4
Imabari Logger,3,3,4,14,4
Name Withheld,3,5,4,14,4
Jumeriah Beach,3,3,4,14,4
Adamas 1,3,5,4,14,4
Angelica  Schulte ,3,5,4,14,4
Mainport Cedar,3,13,4,14,4
Glory Ocean,3,13,4,14,4
Kota Lukis ,3,4,4,14,4
TRF Marquette,3,5,4,14,4
Vectis Eagle ,3,2,4,14,4
Seletar Spirit,3,5,4,14,4
Maersk Malaga,3,5,4,14,4
Name Withheld,3,4,4,14,4
Petion,3,5,4,14,4
Norgas Pan,3,5,4,14,4
Kyriakoula,3,5,4,14,4
Name Withheld,3,3,4,14,4
Seaways Josefa ,3,5,4,14,4
Nashwan,3,5,4,14,4
Stina Kosan,3,5,4,14,4
Arctic Breeze,3,5,4,14,4
Jacqueline C,3,2,4,14,4
OS 35,3,3,4,2,1
Aris 13,3,3,3,3,1
Casayr 2 ,3,13,3,3,1
Al Kausar,3,13,3,3,1
Charlotte Selmer,3,3,4,14,1
JPO Gemini,3,4,4,14,1
BBC Caribbean,3,2,4,6,1
Gaz Providence,3,5,4,6,1
Far Starling,3,13,4,14,1
Name Withheld,3,13,4,6,1
Zita ,3,3,4,14,1
Eleni M ,3,3,4,6,1
Blue Balance ,3,3,4,14,1
Atlantic Mann,3,12,4,6,1
Vectis Progress,3,2,4,6,1
Glory   ,3,2,4,6,1
Nordatlantic,3,4,4,14,1
Annou Max,3,3,4,14,1
Eagle Express,3,5,4,14,1
Ual Houston,3,2,4,6,1
Oya 1,3,2,4,6,1
Name Withheld,3,5,4,6,1
Norgas Shasta ,3,5,4,14,1
Bw Lioness,3,5,4,6,1
GSW Foeward,3,5,4,6,1
Fortis Amalthea,3,3,4,14,1
Thomas Maersk,3,4,4,14,1
Name Withheld,3,5,4,6,1
Demeter,3,4,4,6,1
Front Cosmos ,3,5,4,6,1
Venus Bay ,3,3,4,6,1
Fadelsia,3,3,4,6,1
Name Withheld,3,5,4,6,1
Name Withheld,3,3,4,6,1
Kota Sejerah,3,4,4,6,1
Ocean Kingdom,3,2,2,14,2
Great Sailor,3,5,1,9,2
Phu An 268,3,2,1,14,2
Name Withheld,3,5,1,4,2
Ping An ,3,5,1,4,2
Posh Conquest,3,13,1,4,2
Sapurakencana Samudra,3,13,1,14,2
Aquabelle ,3,5,1,5,2
HR Endeavour,3,2,1,4,2
Nordmosel ,3,3,1,4,2
Lady Sandra ,3,13,1,11,3
Iron Mong ,3,5,1,11,3
Prime Express,3,5,1,14,4
Alhera,3,5,2,2,1
Muskie,3,5,2,12,1
Jag Amar ,3,3,1,2,1
Name Withheld,3,5,2,3,1
Ever Dynamic,3,4,2,3,1
Sofia ,3,3,2,6,1
La Mancha ,3,5,2,6,1
Cora A ,3,5,2,6,1
Axel Spirit,3,5,2,6,1
Name Withheld,3,9,2,6,1
Name Withheld,3,9,2,6,1
LNG Lokoja ,3,5,2,6,1
Mol Dedication ,3,4,1,14,1
CMA CGM Utrillo,3,4,1,14,1
Lowlands Phoenix,3,3,1,14,1
Hellas Gladiator,3,5,1,14,1
Interim,3,5,1,6,1
Sabine ,3,5,1,6,1
Name Withheld,3,5,1,6,1
Strauss,3,4,1,6,1
Thorco Cugar,3,2,1,6,1
Safe Sino,3,5,2,14,6
Navig 8,3,5,2,14,6
Sameer,3,13,2,14,6
Great Star,3,5,2,14,6
Polar Ecuador (2018),4,4,4,14,2
Name Withheld,4,5,4,4,2
Athos ,4,3,4,4,2
Name Withheld,4,12,4,4,2
Alerce N ,4,3,4,4,2
La Solognais,4,3,4,4,2
Gh Rich Wall,4,3,4,4,2
Captain Vangelish ,4,3,4,4,2
Name Withheld,4,3,4,4,2
Dian Pacific,4,12,4,4,2
Limin 2803,4,13,4,4,2
PPS Luck,4,3,4,4,2
Katerina ,4,3,4,4,2
Apollo Troth,4,2,4,4,2
Kirina Tritya ,4,5,4,4,2
Bigroll Beaufort,4,13,4,4,2
Erik Spirit ,4,5,4,4,2
Kirana Santya,4,5,4,4,2
Front Ull,4,5,4,4,2
Wangaratta,4,3,4,4,2
Budget,4,12,4,9,2
Butget 29,4,12,4,9,2
Colover Colossus,4,3,4,4,2
Lee Bo,4,5,4,5,2
Sung Fatt 31,4,12,4,9,2
Innovator,4,5,4,14,2
Maersk Cancun,4,5,4,5,2
Capt Stefanos,4,3,4,4,2
Achilleas S ,4,3,4,4,2
SFL Tyne ,4,5,4,4,2
Tesai,4,3,4,5,2
Ever Alpha,4,12,4,5,2
Dwi Jaya 1,4,1,4,5,2
NCC Haiel,4,5,4,4,2
Hako ,4,3,4,5,2
Pindos,4,3,4,4,2
Maregas,4,5,4,9,2
Ocean Rover,4,13,4,5,2
NA,4,2,4,14,2
Super Caroline ,4,3,4,4,2
Searacer ,4,5,4,14,2
Lotus Gas ,4,5,4,14,2
Name Withheld,4,5,4,4,2
Northern  Defender ,4,4,4,14,2
TN Sunrise ,4,3,4,4,2
Eco Lucidity,4,5,4,4,2
SN 259,4,2,4,5,2
Navios Amarillo,4,4,4,4,2
Alenjento,4,3,4,8,2
Globe Explorer,4,9,4,8,2
Mount Apo ,4,3,4,14,5
Apha Bulker ,4,3,4,8,2
Glovis Maple ,4,3,4,8,2
ASL Scorpio,4,12,4,11,3
Ship Ocean I,4,5,4,11,3
Baltic Phanter ,4,3,4,1,3
Port Hainan ,4,3,4,1,3
BBC Amber ,4,2,4,1,3
Bertina ,4,5,4,1,3
IDM Doodle ,4,2,4,1,3
Medi Frenze ,4,3,4,1,3
Ocean Nhava,4,4,4,1,3
Name Withheld,4,5,4,1,3
Stargate ,4,3,4,11,3
MCC Nİngbo,4,3,4,1,3
West  Scent ,4,4,4,1,3
Berlian Ekuator,4,5,4,11,3
Gas Odyssey,4,5,4,11,3
Name Withheld,4,5,4,11,3
Name Withheld,4,13,4,14,4
 CMB Yasmine ,4,3,4,14,4
Silver Ervilia,4,5,4,14,4
Stenaweco Caterina ,4,5,4,14,4
Emerald Spirit,4,5,4,14,4
Rio Apure,4,5,4,14,4
Name Withheld,4,3,4,14,4
Mersk Maya,4,5,4,14,4
Celina Star,4,4,4,14,4
Eco Speledor,4,3,4,14,4
Silver Point ,4,5,4,14,4
Name Withheld,4,3,4,14,4
Nord Seoul ,4,3,4,14,4
Green Magic,4,9,4,14,4
Mearsk Matsuyama,4,5,4,14,4
Toronto Tarader,4,4,4,14,4
Jumeriah Beach,4,3,4,14,4
Grande Francia,4,10,4,14,4
Name Withheld,4,5,4,14,4
Elbhoff,4,5,4,14,4
Lyra Leader,4,13,4,14,4
Klara,4,5,4,14,4
Blackcomb Spirit,4,5,4,14,4
Meridian Express,4,5,4,6,1
Mount Express,4,5,4,6,1
Barrett,4,5,3,14,1
Name Withheld,4,5,4,14,1
Atlantic Crown,4,5,4,6,1
Jennings Bay ,4,5,4,6,1
Marine Express,4,5,4,14,1
Name Withheld,4,13,4,14,1
Sierra Liyre ,4,9,4,6,1
Luwen Yu 2,4,1,4,14,1
Sea Emperor,4,5,4,14,1
Green Sky,4,5,4,6,1
ST Marseille,4,5,4,14,1
Pamyat Kiravo,4,9,4,6,1
Scot Munchen,4,5,4,6,1
MSC Mria,4,2,4,6,1
Dong A Krios,4,5,4,6,1
Isleman,4,9,4,14,1
Luronyuanyu,4,1,3,6,1
Name Withheld,4,1,3,14,1
Lafeyette Bay ,4,5,4,6,1
Name Withheld,4,3,4,6,1
Arkas Africa,4,4,4,6,1
FWN Rapide ,4,2,4,6,1
Asia Ruby 1,4,3,4,6,1
Nord Colorado ,4,3,4,14,1
Name Withheld,4,13,4,14,1
Mount Travers,4,3,4,6,1
Mearsk Tangier,4,5,4,6,1
Seabreeze,4,5,4,6,1
Grande Congo,4,10,4,6,1
Seaspan Saigon ,4,4,4,6,1
HTC Charlie ,4,3,4,6,1
Brent ,4,5,4,6,1
Name Withheld,4,13,4,14,1
BW Petrel,4,5,4,6,1
BW Tiger,4,5,4,14,1
Name Withheld,4,5,4,14,1
Name Withheld,4,12,4,14,1
BW Puma,4,5,4,6,1
Name Withheld,4,3,4,6,1
John Ernest Aidoo,4,12,4,14,1
Name Withheld,4,3,4,14,1
Maersk Tacoma ,4,5,4,6,1
Merlin 3,4,13,4,14,1
DHT Lion,4,5,4,14,1
Pomerenia Sky,4,4,4,6,1
Skandi Skansen,4,13,4,14,1
Name Withheld,4,13,3,14,1
Name Withheld,4,5,3,14,1
British Seafer,4,5,4,6,1
Beks Cenk ,4,3,4,14,1
Chanlog 2,4,13,4,14,1
Cahanlog 7,4,13,4,14,1
Haiying 7,4,13,4,14,1
Haiying 9,4,13,4,14,1
Renouveau 6,4,13,4,14,1
Saavedra Tide ,4,13,4,6,1
Ocean Promise ,4,4,4,14,1
Tiberius,4,3,1,5,2
Asali ,4,3,1,4,2
Name Withheld,4,3,1,4,2
Kudos 1,4,2,2,14,2
Alkyonis ,4,3,1,4,2
Berge K2,4,13,1,14,2
Baltic Scorpion ,4,3,1,4,2
NA,4,1,1,5,2
Name Withheld,4,3,1,4,2
Mykonos ,4,3,1,14,2
Red Lily ,4,3,1,4,2
Maersk Mishima ,4,5,1,14,1
Mahtranas 2,4,12,2,5,2
Helen N ,4,3,1,14,5
Barge Atlas ,4,3,1,14,5
Team Challenge ,4,3,1,11,3
Tiberius ,4,3,1,1,3
Velo Ocean ,4,3,1,1,3
Nestor 1,4,3,1,14,4
Name Withheld,4,3,1,14,4
Jag Puint ,4,5,1,14,4
Mearsk Niamey ,4,4,1,14,4
Maersk Nienburg ,4,4,1,14,4
Maersk Niteroi,4,4,1,14,4
Leopard Sun ,4,5,2,3,1
Kriti Spirirt ,4,5,2,2,1
KSL Sydney ,4,3,2,3,1
Seaways Ariadmar ,4,5,1,6,1
Anna B ,4,13,1,14,1
Kondrad Scuhelte ,4,4,1,14,1
Thor Infinity ,4,3,2,6,1
Ebunola ,4,5,1,6,1
Biskra ,4,5,2,6,1
Lutetia ,4,4,2,6,1
Belema Light ,4,5,2,6,1
Interim,4,5,2,6,1
Kota Sahabat ,4,4,1,6,1
China Frost ,4,9,2,6,1
Biskra ,4,5,2,6,1
Name Withheld,4,5,2,6,1
Eleni M ,4,3,1,6,1
Name Withheld? TEKRAR BAK,4,5,1,14,1
Frio Nagato ,4,9,2,6,1
Coastal Vanguart,4,12,1,6,1
Toscana ,4,12,1,14,1
Name Withheld,4,5,2,6,1
STI Oscela ,4,5,1,6,1
BW Frigg ,4,5,2,14,1
UACC Sound ,4,5,1,14,1
LNG River Niger ,4,5,2,6,1
Camden ,4,5,2,6,1
MİTO 2019,5,2,4,4,2
mearsk capri,5,5,4,4,2
Peterborough,5,3,4,4,2
Nakhal Siver,5,5,4,14,2
TRF Kaya,5,4,4,14,2
Jakson Bay,5,4,4,4,2
Princess Paulo,5,3,4,4,2
Da Yang Bai Li,5,2,4,4,2
Barlian 1201,5,12,4,5,2
Simit cycone,5,13,4,5,2
Odysseas L ,5,3,4,4,2
CSK Enterprise,5,3,4,4,2
Safesea Neha II,5,3,4,5,2
SA/232,5,1,4,5,2
Name withheld ,5,3,4,4,2
Modalwan No.11,5,13,4,5,2
CK Buluebell,5,3,4,4,2
Crest Onyx,5,13,4,4,2
Bright Dawn ,5,5,4,4,2
Sichem Rio,5,5,4,4,2
Stratgetic Unity,5,3,4,4,2
Salviceroy,5,12,4,4,2
Tomini Dynasty,5,3,4,4,2
Eagle ,5,5,4,5,2
Name withheld ,5,3,4,5,2
British Conteibutor,5,5,4,5,2
Name withheld ,5,5,4,4,2
NA,5,1,4,5,2
Front Leopard,5,5,4,5,2
TSL,5,2,4,5,2
Transpacific,5,3,4,9,2
Clipper Eos ,5,5,4,5,2
Name withheld ,5,5,4,4,2
Hirado,5,5,4,9,2
Nord Steel,5,3,4,9,2
CSK Enterprise,5,3,4,4,2
Name withheld ,5,5,4,9,2
Kmax Evdokia,5,3,4,9,2
China Pioneer,5,3,4,9,2
CMA CHM NEW,5,4,4,14,2
Barge Asahidake,5,3,4,4,2
Akij Globe ,5,3,4,9,2
Bamzi,5,5,4,9,2
Trust Star,5,3,4,9,2
Stena Immortal,5,5,4,9,2
Name of Ship,5,3,4,10,5
FMG Northern,5,13,4,10,5
RTM Dampier,5,3,4,10,5
Molengracht,5,2,4,8,5
Kota waris,5,4,4,8,5
Mearsk Eric,5,5,4,11,3
Snangol,5,5,4,11,3
Trammo Cornel,5,5,4,11,3
CMA CGM,5,4,4,14,4
Gerd Knutsen,5,5,4,14,4
Plion ,5,3,4,14,4
Cabo Fuji,5,5,4,14,4
Navigator Virgo,5,5,4,14,4
Diamondway,5,5,4,14,4
Port Imabari,5,3,4,14,4
Taurus ,5,3,4,14,4
Name withheld ,5,5,4,14,4
Seletar Spirit ,5,5,4,14,4
CS Jola  ,5,3,4,14,4
Aqup Lobo ,5,13,4,14,4
Name withheld ,5,5,4,14,4
Methane Mickie ,5,5,4,14,4
CS Sonoma ,5,3,4,14,4
Tog Mor,5,13,4,14,4
EF ELDRA,5,4,4,14,4
Dorthe Oldendorff,5,3,4,14,4
Anshun ,5,3,4,14,4
Name withheld ,5,5,4,14,4
Occean Mercury ,5,3,4,14,4
Galveston,5,10,4,14,4
cano,5,3,4,14,4
Lunita ,5,3,4,14,4
MSC Mandy ,5,4,4,13,1
FSL Singapore,5,5,4,6,1
TWO Million,5,4,4,6,1
Nord Valaorus ,5,5,4,14,1
Name withheld ,5,13,4,6,1
Histria Ivory ,5,5,4,14,1
Anna,5,2,4,14,1
Mearsk Jannagar,5,5,4,14,1
Cap Theodora ,5,5,4,6,1
Histiria Ivory,5,5,4,14,1
E. Francis ,5,13,4,6,1
Nord Steady ,5,5,4,14,1
Anuket Pearl ,5,5,4,14,1
Nord Steady ,5,5,4,6,1
Contship ,5,4,4,14,1
Silver Lake ,5,3,4,14,1
Maria Soltin ,5,5,3,6,1
San Padre Pio ,5,5,4,6,1
Apecus,5,5,4,6,1
Ocean Gladiator,5,5,4,6,1
Siviu,5,5,4,14,1
Marlin Amber,5,5,4,6,1
Charis,5,12,3,14,1
Blue Marlin,5,13,4,14,1
G Dona 1,5,5,3,14,1
Hanze Gendt ,5,3,4,14,1
D&K Yusuf,5,5,4,14,1
Name withheld ,5,2,3,6,1
Pomerenia Sky,5,4,4,14,1
Spring Rainbow,5,3,4,6,1
Torm Thor ,5,5,4,6,1
New century,5,5,4,14,1
Burgundy,5,4,4,6,1
Bliss,5,3,4,14,1
Celsius Riga,5,5,4,14,1
Prince Job 1,5,3,4,6,1
Name withheld ,5,3,4,14,1
Name withheld ,5,2,4,14,1
Name withheld ,5,5,4,6,1
Orient Tide,5,3,4,14,1
Name withheld ,5,1,4,14,1
Name withheld ,5,5,4,14,1
Grace Victoria,5,5,4,6,1
MFB,5,1,4,6,1
UACC Mirdiff,5,5,4,6,1
Rose M,5,5,4,6,1
Fugro Helment,5,13,4,14,1
Mearsk Roubaix,5,4,4,14,1
Bonita ,5,3,4,13,1
Elka Aristotle ,5,5,4,14,1
Atlantic Laurel,5,3,4,14,1
Emmanuel Marine,5,13,4,6,1
Baltic Mantis,5,3,4,14,1
Nave Constelliation,5,5,4,6,1
Name withheld ,5,5,4,13,1
Mearsk Teader,5,13,4,14,1
River Shiner,5,5,4,6,1
Name withheld ,5,5,1,4,1
Zhe Hai ,5,3,1,14,2
El Toro ,5,13,1,4,2
SG Pegassus,5,5,1,4,2
Name withheld ,5,5,1,14,2
Name withheld ,5,5,1,4,2
GT equality,5,5,1,9,2
Mearsk Borneo,5,5,1,4,2
BW Loyalty,5,12,1,9,2
Dione ,5,3,1,11,3
Star Kestrel ,5,5,1,14,4
Name withheld ,5,10,1,14,4
Name withheld ,5,4,2,14,4
NYK Lyra,5,4,1,14,4
Arequipa Queen,5,3,1,14,4
Aramon,5,5,1,6,1
Name withheld ,5,5,2,6,1
Allegra,5,3,2,6,1
Samurai,5,5,2,6,1
Kota Satria,5,4,2,6,1
Name withheld ,5,5,2,6,1
Africam Gem,5,5,2,6,1
Bourbon Explorer,5,13,2,6,1
Name withheld ,5,5,2,6,1
Joseph wisdom,5,5,2,6,1
Cascade Spirit,5,5,2,14,1
Nijinsky,5,5,1,14,1
,5,3,1,14,1
Name withheld (2020),6,5,4,9,2
SSK,6,1,4,5,2
Horizon maru ,6,5,4,4,2
RHL Clarita,6,3,4,4,2
FSL London ,6,5,4,4,2
Papora Wistom,6,3,4,9,2
Crest Onyx,6,13,4,4,2
New Spirit ,6,3,4,9,2
Swarna Jayanti ,6,5,4,9,2
Westrenn seattle ,6,3,4,9,2
Endeavour II,6,5,4,14,2
Kota Anggerik ,6,4,4,4,2
Sam Jaguar ,6,3,4,9,2
Au Libra ,6,5,4,14,2
Bumblebee,6,3,4,4,2
Leyla K ,6,5,4,5,2
Jasmine ,6,3,4,4,2
NYK Jonna,6,4,4,14,2
Palais,6,3,4,9,2
Horizon II,6,3,4,9,2
APJ Jai,6,3,4,4,2
Chem Ranger,6,5,4,9,2
Name withheld,6,5,4,4,2
Star Glory ,6,3,4,4,2
Vega Aquarius ,6,3,4,9,2
Dolphin I ,6,12,4,5,2
Kim Heng 191,6,13,4,5,2
MTM Penang ,6,5,4,4,2
Name withheld,6,5,4,4,2
Ocean Leader ,6,5,4,4,2
Name withheld,6,5,4,4,2
SMS Sangatta,6,12,4,9,2
Winposh Resolve ,6,13,4,9,2
CAS AVANCA ,6,3,4,4,2
Red Daisy ,6,3,4,4,2
Dubai Crown ,6,3,4,4,2
CMA CGM Puget ,6,4,4,14,2
Magic Striker ,6,3,4,14,2
BW Zambesi ,6,5,4,4,2
Captaninyannis L,6,3,4,4,2
Frio Olympic,6,9,4,9,2
Wolverine,6,3,4,9,2
BS Ayres ,6,12,4,9,2
BS 27,6,13,4,9,2
Name withheld,6,5,4,4,2
Vienna Wood N ,6,3,4,14,2
Stolt Perseverance ,6,5,4,4,2
Sea Diamond ,6,3,4,9,2
AAL Nanjing ,6,2,4,14,2
Ela,6,4,4,14,2
Uni Blossom ,6,3,4,5,2
Champion Prince ,6,5,4,4,2
Sea Journey ,6,3,4,9,2
SG Friendship,6,5,4,4,2
Zeno,6,5,4,9,2
MTM Amsterdam,6,5,4,9,2
Fairchem Sword,6,5,4,4,2
Semirio ,6,3,4,9,2
Vantage Rider,6,3,4,4,2
Asia Spring,6,3,4,9,2
El Matador ,6,3,4,9,2
FSL New York ,6,5,4,9,2
Masagana,6,5,4,8,5
Baltic Cove ,6,3,4,8,5
Asia Emerald III,6,3,4,8,5
Osaka Bay ,6,3,4,8,5
Amil 59,6,13,4,11,3
ASL Amber,6,13,4,1,3
Evimerica,6,13,4,11,3
Mordius ,6,5,4,11,3
Albarah,6,5,4,11,3
Malaviya Ten ,6,13,4,11,3
Naashi ,6,13,4,11,3
FSL Osaka,6,5,4,1,3
Amil 12,6,13,4,11,3
Epic Bolivar,6,5,4,1,3
Bridgewater 80 ,6,13,4,1,3
Fortunato ,6,5,4,14,4
Minerva,6,5,4,14,4
Iver Ambassaor ,6,13,4,14,4
Star Spirit ,6,9,4,14,4
Name withheld,6,3,4,14,4
Sapura 3500,6,13,4,14,4
FOUMA,6,4,4,14,4
Remas ,6,13,4,14,4
Name withheld,6,4,4,14,4
Telford 28,6,13,4,14,4
Port phillip,6,3,4,14,4
Name withheld,6,5,4,14,4
FJ Star,6,3,4,14,4
Modigliani,6,3,4,14,4
Taizhou,6,3,4,14,4
RHL Audacia,6,4,4,14,4
Nord Neptune,6,3,4,14,4
Arsos,6,4,4,14,4
Nordic Malmoe,6,3,4,14,4
Wuchow,6,3,4,14,4
SSI Privilege,6,3,4,14,4
Nord Biscay,6,3,4,14,4
Bonny Island,6,3,4,14,4
Lloyd Don,6,4,4,14,4
RHL Agilitas,6,4,4,14,4
Nordic Wismar,6,4,4,14,1
Atlantic Discoverer,6,4,4,13,1
Nord Stingray,6,5,4,6,1
Poshe Kittiwake ,6,13,4,6,1
Palawan Star,6,5,4,6,1
Richmond ,6,5,4,14,1
Mearsk Tema ,6,4,4,14,1
Sanco Sea,6,13,4,14,1
Name withheld,6,5,4,13,1
Name withheld,6,13,4,14,1
UAL Lobito ,6,5,4,14,1
Name withheld,6,5,4,13,1
Ingrid K ,6,13,4,14,1
Archon,6,5,4,6,1
Mearsk Taasinge,6,4,4,14,1
Name withheld,6,4,4,14,1
Tommi Ritscher,6,4,4,13,1
Vemahope ,6,5,4,6,1
Amerger VII,6,1,4,14,1
Amerger II,6,1,4,14,1
Name withheld,6,2,4,14,1
Name withheld,6,5,4,14,1
Hailufeng 11,6,1,3,14,1
ESL Australia,6,2,4,6,1
Karadeniz ,6,5,4,14,1
Name withheld,6,1,4,13,1
Port Macau ,6,3,4,14,1
Frederike ,6,3,4,14,1
Sendije Berge ,6,13,4,6,1
Name withheld,6,2,4,13,1
Curacao Trader ,6,5,4,6,1
BBC Danube,6,2,4,14,1
Maersk Venturer,6,13,4,14,1
Name withheld,6,1,3,14,1
Name withheld,6,9,4,6,1
Nord Steady ,6,5,4,14,1
Lyme Bay,6,4,4,14,1
Basat,6,5,4,6,1
Amonno T ,6,3,4,14,1
Methane Princes,6,5,4,14,1
PTI Nile ,6,5,4,14,1
Maersk Rubicon ,6,4,4,14,1
Errina ,6,5,4,6,1
Team Hope ,6,3,4,14,1
Nefeli II,6,5,4,6,1
Name withheld,6,5,4,13,1
BSL Cape Town ,6,4,4,14,1
Name withheld,6,13,4,14,1
Am Delta ,6,2,4,6,1
Name withheld,6,13,3,14,1
Name withheld,6,3,4,13,1
Milan,6,2,4,6,1
Resilience ,6,3,4,14,1
Name withheld,6,3,4,14,1
Tango Rey,6,3,4,14,1
New Ranger,6,5,4,6,1
New Ranger,6,5,4,6,1
Pacific Wizard ,6,12,4,14,1
Name withheld,6,2,4,6,1
New Ranger,6,5,4,6,1
Name withheld,6,2,4,6,1
Maersk Cadiz,6,4,4,6,1
Port Gdynia,6,4,4,6,1
Blue Ivy ,6,2,4,14,1
Seamax Darien ,6,2,4,14,6
Global Phenix,6,5,1,4,2
Pacific Sapphire,6,5,1,14,2
A racer ,6,3,1,9,2
Global Tomorrow,6,3,1,14,4
Sapura 3500,6,13,2,14,4
Name withheld,6,4,2,14,4
Maria Topic,6,3,1,14,4
Boracay Island ,6,2,1,14,4
Lagertha ,6,5,2,6,1
Name withheld,6,5,1,6,1
MSC Grace ,6,4,2,6,1
Name withheld,6,5,1,6,1
Name withheld,6,4,2,6,1
Sea Emperor ,6,5,1,14,1
Name withheld,6,5,1,14,1
Bourbon Hours,6,13,1,14,1
Scarabe ,6,3,1,6,1
Pyxis,6,5,1,13,1
Lana,6,4,2,6,1
Rio Charleston ,6,4,1,6,1
Name withheld,6,5,1,14,1
Ocean Intervation III,6,13,1,14,1
Wesley,6,5,1,6,1
Bob Marker ,6,13,1,13,1
La Boheme ,6,5,2,13,1
Jane ,6,5,2,13,1
Name withheld,6,5,2,6,1
Cool Girl ,6,9,2,6,1
Minerva Evropi ,6,5,2,6,1
Diyala,6,5,1,6,1
Athenia (2021),7,5,4,9,2
Withheld,7,3,4,4,2
Ark Royal,7,3,4,9,2
Elvia ,7,3,4,9,2
Vanta wave,7,2,4,9,2
Kota Nebula,7,4,4,14,2
Aki,7,5,4,4,2
Als ,7,4,4,4,2
Danum 50,7,12,4,9,2
Linau,7,5,4,9,2
Queen,7,3,4,9,2
Baltic,7,4,4,4,2
Posh,7,12,4,9,2
Scara,7,13,4,9,2
Trina,7,3,4,9,2
Harris,7,5,4,9,2
Panta,7,3,4,9,2
Henry,7,5,4,5,2
Withheld,7,5,4,9,2
Ioanna,7,3,4,9,2
Bak 5,7,12,4,14,2
Bak 55,7,5,4,14,2
Alea,7,3,4,9,2
Rb Eden,7,3,4,9,2
Cape Lily,7,3,4,9,2
Aramis,7,4,4,14,2
Sima Sahba,7,4,4,14,2
Mount,7,4,4,14,2
Baltic North,7,4,4,4,2
Nordtiger,7,4,4,14,2
J Mare,7,3,4,9,2
Romina,7,4,4,14,2
Star Nike,7,3,4,9,2
Adventurer,7,3,4,9,2
Nussfjord,7,4,4,14,2
Caimep,7,4,4,14,2
Nefeli,7,3,4,9,2
Good Luck I,7,3,4,4,2
Solar Catie,7,5,4,4,2
Delphinus,7,3,4,9,2
Graeca,7,3,4,9,2
Amelia,7,5,4,9,2
Oriental ,7,5,4,5,2
True Champion,7,3,4,9,2
Rosco Olive,7,3,4,9,2
Everrich 7,7,5,4,9,2
Embrace,7,3,4,9,2
Super Star,7,2,4,9,2
Aegean Angel ,7,5,4,9,2
Aegean Angel ,7,5,4,9,2
Romandie,7,3,4,9,2
Fushimi,7,4,4,4,2
Kronborg,7,5,4,9,2
Gladiator,7,3,4,9,2
Doris,7,3,4,9,2
Seacon 8,7,3,4,9,2
Withheld,7,3,4,8,6
Penguin,7,3,4,11,3
Iki,7,2,4,11,3
Sagittarius,7,3,4,14,4
Prague,7,4,4,14,4
Duessel,7,4,4,14,4
Nord Hudson,7,3,4,14,4
Margreta,7,10,4,14,4
Arawa,7,5,4,14,4
Pac Trader,7,4,4,14,4
Pacora,7,4,4,14,4
Nordic ,7,3,4,14,4
Port Osaka,7,3,4,14,4
Baker River,7,3,4,14,4
Christoph Schu,7,5,4,14,4
Seasuccess,7,5,4,14,4
Admiral,7,5,4,14,4
Borneo,7,5,4,14,4
Borneo,7,5,4,14,4
Withheld,7,5,4,14,4
Maestro Dia,7,3,4,14,4
Otago Harb,7,3,4,14,4
Ikebana,7,2,4,14,4
Santos Eagle,7,3,4,14,4
Withheld,7,5,4,14,4
Warnow Bel,7,4,4,14,4
Bochem Lux,7,5,4,14,4
Nordorinoco,7,3,4,14,4
Lord Vishnu,7,10,4,14,4
AS Sabrina,7,4,4,14,4
Jose do Pat,7,5,4,14,4
Nord Steady,7,5,4,14,4
Lesedi Queen,7,3,4,14,4
TN Dawn,7,3,4,14,4
Niledutch,7,4,4,14,1
Greeb Free,7,9,4,14,1
Mozart,7,4,4,14,1
Rowayton,7,3,4,14,1
Sea Phantom,7,5,4,14,1
Lian Peng ,7,1,4,14,1
Maria E,7,5,4,14,1
Withheld,7,13,4,14,1
Withheld,7,13,4,14,1
Flensburg,7,4,4,14,1
Venturer,7,13,4,14,1
Withheld,7,5,4,13,1
Withheld,7,13,4,6,1
Common Faith,7,3,4,14,1
Contship New,7,4,4,14,1
Songa Calabria,7,4,4,14,1
Atl Princess,7,1,4,14,1
Withheld,7,13,4,6,1
Iris S,7,1,4,13,1
Withheld,7,5,4,14,1
Machitis,7,3,4,14,1
Carmen,7,3,4,14,1
Tampen,7,13,4,14,1
Lucia,7,4,4,6,1
NA,7,13,4,6,1
Pacific Dolphin,7,13,4,14,1
Dalarna,7,3,4,14,1
Tampen,7,13,4,14,1
Withheld,7,4,4,14,1
Astro Perseus,7,5,1,9,2
Caelum,7,5,1,4,2
Nuri Bey,7,3,1,9,2
Santa Bar,7,3,1,14,4
Telford 28,7,13,1,14,4
Alaska,7,4,1,14,4
Lars,7,4,2,14,4
Mundra,7,4,2,14,4
Myrto,7,3,1,2,1
Cardiff,7,4,2,6,1
Seaking,7,5,1,14,1
Mad Spirit,7,5,2,14,1
Tianjin,7,3,1,6,1
Taranto,7,4,1,14,1
Bulk Bahamas,7,3,1,14,1
Tropical,7,13,2,14,1
Blue Sea (2022),8,5,4,9,2
Bow Sant,8,5,4,9,2
Hai Duo 29,8,12,4,9,2
Withheld,8,3,4,4,2
PS Stars,8,5,4,5,2
Avalon,8,5,4,4,2
FPMC C Jade,8,5,4,9,2
Theodor,8,3,4,9,2
Navios Bon,8,3,4,9,2
Golden Leaf,8,3,4,9,2
Delta Eurydice,8,5,4,9,2
Bw Cheetah,8,5,4,9,2
Royal Jade,8,3,4,9,2
African Mer,8,3,4,9,2
Flecha,8,3,4,9,2
Penta,8,3,4,9,2
Daisy 2,8,5,4,9,2
Maha Jacq,8,3,4,9,2
Lampard,8,3,4,4,2
Procyon ,8,10,4,14,2
Siloso,8,3,4,4,2
Megali,8,5,4,9,2
Kota Hapas,8,4,4,14,2
Sextans,8,5,4,14,2
CNC Lion,8,4,4,4,2
Selena,8,3,4,4,2
Yong Xing,8,5,4,9,2
Magnum,8,3,4,9,2
Dream Star,8,3,4,9,2
Tomini Unity,8,3,4,9,2
Bering,8,5,4,4,2
Nemrut Bay,8,3,4,9,2
Everest,8,5,4,9,2
Desiree,8,13,4,14,2
African Lark,8,3,4,4,2
Bulk Sao Paulo,8,3,4,9,2
Cape Valencia,8,3,4,9,2
Iwami,8,2,4,9,2
Equinox,8,3,4,9,2
Target 10,8,12,4,9,2
Alam 281,8,5,4,9,2
Modalwan 11,8,12,4,9,2
Lion Kimtrans,8,5,4,9,2
Withheld,8,5,4,5,2
Nord Aqua,8,3,4,4,2
HK Tug 9,8,12,4,9,2
LKH 2882,8,5,4,9,2
Canopus Leader,8,10,4,14,2
Nord Adriatic,8,3,4,9,2
HK Tug 9,8,12,4,9,2
LKH 2882,8,5,4,9,2
Saga Fortune,8,2,4,4,2
Heilan Bright,8,3,4,9,2
Minoan,8,3,4,9,2
Genco Endea,8,3,4,9,2
TC Pacific,8,12,4,9,2
Holmen Pacific,8,5,4,9,2
Wayne,8,12,4,5,2
Rig T20,8,5,4,5,2
KT Birdie,8,3,4,9,2
Captain Anton,8,3,4,9,2
Eastern Mercy,8,3,4,9,2
Songa ,8,5,4,8,6
HK Tug 9,8,12,4,8,6
LKH 7887,8,5,4,8,6
Mid Eagle,8,5,4,11,3
Withheld,8,3,4,11,3
Wawasan Topaz,8,5,4,1,3
Taizhou Pioneer,8,3,4,1,3
B-LPG Sophia,8,5,4,1,3
Withheld,8,5,4,1,3
Kota Rancak,8,4,4,1,3
Blue Marlin ,8,13,4,1,3
Oriental Hibiscus,8,5,4,11,3
AS Elena,8,3,4,1,3
Crystal Confidence,8,3,4,14,4
Withheld,8,3,4,14,4
Vega Rose,8,3,4,14,4
KT Birdie,8,3,4,14,4
Berge Galdhopiggen,8,3,4,14,4
STH Oslo,8,3,4,14,4
Atlantic Elm,8,3,4,14,4
Tampa Trader,8,4,4,14,4
Daido Amb,8,3,4,14,4
Aries Leader,8,10,4,14,4
Algol,8,4,4,14,4
Azzura,8,3,4,14,4
CS Candy,8,3,4,14,4
Everbright,8,5,4,14,4
Jindal Pioneer,8,13,4,14,4
Industrial Emma,8,2,4,14,4
Laax,8,3,4,14,4
Southern Owl,8,5,4,14,4
Jose Do Pat,8,5,4,14,4
Tahoe Spirit,8,5,4,14,4
Clipper Dee,8,3,4,14,4
Viking Drive,8,10,4,14,4
Challenge Procyon,8,5,4,14,4
Largo Evolution,8,5,4,14,1
Surfer 3602,8,13,4,14,1
B. Ocean,8,5,3,14,1
Surfer 3601,8,13,4,14,1
Surfer 3602,8,13,4,14,1
Isabella M,8,3,4,14,1
BW Thor,8,5,4,14,1
AG. Nektarios,8,3,4,14,1
Bourbon Explorer,8,13,4,14,1
Arch Gabriel,8,3,4,14,1
Margret Oldendorff,8,3,4,14,1
Cabinda Express,8,4,4,14,1
V Atlas,8,3,4,14,1
Matadi Express,8,4,4,14,1
Aconcagua Bay,8,9,4,14,1
Armenistis,8,10,3,14,1
Harmonious,8,3,4,14,1
B. Ocean,8,5,4,14,1
Withheld,8,13,4,14,1
Kota Hapas,8,4,1,14,2
Londrina,8,4,1,5,2
KT Birdie,8,3,1,14,4
Warnow Mate,8,4,1,14,1
Columbus,8,4,1,14,1
Maran Poseidon,8,5,2,14,1
 Merchia (2023),9,3,4,9,2
HK Tug 3,9,12,4,9,2
 LKH 9889,9,5,4,9,2
Sinhin 5,9,12,4,9,2
Sinhin 6,9,5,4,9,2
Ceto,9,5,4,4,2
Izumi ,9,3,4,9,2
LBC Green,9,3,4,4,2
HK Tug 9,9,12,4,5,2
LKH 2882,9,5,4,5,2
HK Tug 2,9,12,4,9,2
LKH 3883,9,5,4,9,2
Spica Harmony,9,3,4,9,2
Ocean Creation,9,3,4,9,2
Metis,9,5,4,4,2
Chios Trinity,9,3,4,9,2
Merkur Horizon,9,4,4,14,2
CO Nagoya,9,4,4,14,2
Stolt Sakura,9,5,4,4,2
Volta,9,3,4,9,2
Prabhu Shakti,9,3,4,9,2
Gibraltar Eagle,9,3,4,9,2
Withheld,9,5,4,4,2
Ever Boomy,9,4,4,14,2
Ningbo,9,4,4,14,2
Withheld,9,5,4,4,2
Lion Kimtrans TB 6,9,12,4,9,2
Asia Pride 2330,9,5,4,9,2
Rainbow Star,9,5,4,9,2
Lanpan 30,9,12,4,9,2
Ombak Biru Satu,9,5,4,9,2
Lucky Source,9,3,4,9,2
Corinthian,9,3,4,9,2
Nord Adriatic,9,3,4,9,2
Orange Harmony,9,3,4,9,2
Merkur Horizon,9,4,4,14,2
CL Century,9,3,4,9,2
Sea Vigour,9,5,4,9,2
Bonny Island,9,3,4,9,2
Lila Ace,9,5,4,4,2
Marianna Golden,9,5,4,4,2
Atlantic Prestige,9,3,4,9,2
Efraim A.,9,3,4,9,2
Tomini Royal,9,3,4,9,2
Super Ruby,9,5,4,4,2
Fiji,9,3,4,9,2
Stella Alice,9,3,4,9,2
Withheld,9,13,4,14,2
Edzard Schulte,9,5,4,4,2
Jin Hwa 49,9,12,4,9,2
Jin Hwa 39,9,5,4,9,2
Jal Kamal,9,3,4,9,2
Osaka Star,9,3,4,9,2
Doric Warrior,9,3,4,9,2
Sophocles Graecia,9,3,4,9,2
CNC Pluto,9,4,4,14,2
Shotan,9,5,4,4,2
SLNC Seven,9,3,4,4,2
Yangze 8,9,3,4,9,2
TRF Horten,9,5,4,9,2
PS Falcon,9,5,4,9,2
Fairchem,9,5,4,4,2
Valencia,9,4,4,5,2
Navios Helios,9,3,4,9,2
Etoile,9,3,4,9,2
Matsushiro,9,2,4,4,2
Argent Daisy,9,5,4,4,2
Argent Daisy,9,5,4,4,2
Argent Daisy,9,5,4,4,2
G. Crown,9,4,4,14,2
Hansa Colombo,9,4,4,14,2
Shokai,9,5,4,4,2
Nordocelot,9,4,4,8,6
Levante,9,3,4,8,6
Elisabeth,9,2,4,8,6
PPS Luck,9,3,4,11,3
Solar Roma,9,5,4,11,3
Success,9,5,4,1,3
Belfast,9,5,4,11,3
Ginga Kite,9,5,4,11,3
Withheld,9,2,4,14,4
NYK Rigel ,9,4,4,14,4
Los Angeles Spirit,9,5,4,14,4
Brigitte,9,3,4,14,4
Gillingham,9,3,4,14,4
Sankaty Eagle,9,3,4,14,4
Tomini Entity,9,3,4,14,4
Bari,9,4,4,14,4
Bochem London,9,5,4,14,4
Caipirinha,9,3,4,14,4
Nippon Maru,9,3,4,14,4
Withheld,9,5,4,14,4
Murex,9,5,4,14,4
Mactiga,9,5,4,14,4
Nordmosel,9,3,4,14,4
Ruen,9,3,3,3,1
Seaclippler,9,5,4,14,1
Nord Stingray,9,5,4,14,1
Monjasa Reformer,9,5,3,14,1
Komodo ,9,12,4,14,1
Success 9,9,5,3,14,1
Bourbon Shamal,9,13,4,14,1
Wave F ,9,2,4,6,1
Grebe Bulker,9,3,4,14,1
Nyon,9,3,4,14,1
Roubaix,9,4,4,14,1
Oya 1,9,2,4,14,1
Haci Erdogan,9,1,4,14,1
UAL Osprey,9,2,4,14,1
Vishva Vikas,9,3,4,14,1
Shenghai2,9,1,3,14,1
Logger,9,12,4,14,1
Wave F ,9,2,4,6,1
Nordsun,9,3,4,14,1
Vigo,9,4,4,14,1
Pacific Kohi,9,5,4,14,1
Withheld,9,3,1,9,2
MSM,9,3,1,9,2
Frontier Sky,9,3,1,14,4
CSCL Zeeb,9,4,1,14,4
Callao Express,9,4,1,14,4
Seaspan Ocen,9,4,1,14,4
Vigo,9,4,1,14,1
Hai Lu Feng 13,9,1,2,14,1
Hai Lu Feng 14,9,1,2,14,1
CB Caribic,9,5,1,14,1
Anggun,9,13,1,14,1
Dark Knight (2024),10,12,4,9,2
Crimson Queen ,10,13,4,9,2
Withheld,10,2,4,4,2
CMB Chikako,10,3,4,9,2
Clipper I-Star,10,3,4,9,2
Royal Tb 27,10,12,3,4,2
OB Royal 27,10,5,3,4,2
Nordpuma,10,4,4,14,2
Top Diligence,10,2,4,9,2
Globe Explorer,10,3,4,4,2
African Halcyon,10,2,4,4,2
Boka Vanguard,10,13,4,4,2
Alpha Hope,10,3,4,9,2
Apiradee Naree,10,3,4,9,2
George Island,10,3,4,9,2
Shakespeare Bay,10,3,4,4,2
Solar Roma,10,5,4,4,2
Casanove,10,3,4,9,2
ESL Dachan Bay,10,4,4,14,2
Murou,10,2,4,4,2
GCL Leader,10,3,4,9,2
Marvel 3,10,12,4,5,2
Serudong 8,10,5,4,5,2
Irvine Bay,10,3,4,4,2
Ocean Dream,10,3,4,9,2
Avatar Courage,10,12,4,4,2
G.B. Corrado,10,3,4,9,2
Santa Regina,10,3,4,9,2
Ivestos 9 ,10,3,4,9,2
Dongbang Giant,10,13,4,4,2
Ivestos 8 ,10,3,4,9,2
Orihime,10,13,4,9,2
HK Tug 9,10,12,4,9,2
LKH 2882,10,5,4,9,2
Wadi Feran,10,3,4,9,2
Earth Harmony,10,3,4,4,2
Corinna,10,3,4,9,2
Berge Mauna Loa,10,3,4,9,2
Thisseas,10,3,4,9,2
Spec Nichole,10,13,4,4,2
HK Tug 9,10,12,4,9,2
LKH 3883,10,5,4,9,2
Ultra Colonsay,10,3,4,9,2
Aphrodite L,10,3,4,9,2
Jin Hwa 49,10,12,4,9,2
Jin Hwa 39,10,5,4,9,2
Sea Voyager,10,3,4,9,2
Atlantic Tiger,10,3,4,9,2
Royal Tb 17,10,12,3,4,2
OB Royal 17,10,5,3,4,2
Withheld,10,3,4,9,2
Torex,10,5,4,9,2
Genco Cons,10,3,4,4,2
Withheld,10,5,4,4,2
Nyon,10,3,4,9,2
Aspasia Luck,10,3,4,9,2
Maran Spirit,10,3,4,9,2
Withheld,10,5,4,14,2
Al Derwazah,10,5,4,9,2
GL La Paz,10,3,4,9,2
Oshima Trader,10,3,4,9,2
Saga Fjord,10,2,4,9,2
Ammos,10,3,4,9,2
Genco Lion,10,3,4,9,2
HTK Confidence,10,3,4,9,2
Theodore Jr,10,3,4,9,2
Dalma,10,5,4,9,2
AM Ocean Pride,10,3,4,4,2
AAL Merkur,10,2,4,8,6
Nordmaas,10,4,4,8,6
Regency,10,5,4,11,3
White Peach,10,5,4,11,3
Withheld,10,4,4,1,3
Hai Phong,10,4,4,1,3
Gas Courage,10,5,4,1,3
Era Star,10,5,4,1,3
Viva Cosmos,10,3,4,1,3
Chattogram,10,4,4,1,3
Largo Eden,10,5,4,1,3
Withheld,10,3,4,1,3
Ceylon Princess,10,3,4,1,3
Withheld,10,13,4,1,3
Oriole,10,3,4,1,3
Asian Trader,10,4,4,14,4
Lila Norfolk,10,3,4,3,1
Lorenzo Putha 4,10,1,3,3,1
Abdullah,10,3,3,3,1
Alfajr,10,1,3,3,1
Basilisk,10,2,4,3,1
Hana I,10,5,4,14,1
Bourbon Explorer,10,13,4,14,1
Rathbone,10,5,4,14,1
Withheld,10,13,4,14,1
Aurora Diamond,10,13,4,14,1
Severn ,10,5,4,14,1
Lodur,10,4,4,14,1
Fidan,10,5,3,14,1
Withheld,10,2,4,14,1
Sarnia,10,4,4,14,1
Corinthian,10,5,4,14,1
Bourbon Liberty,10,12,4,14,1
Pearl Island,10,3,4,14,1
Nvios Destiny,10,4,4,6,1
Withheld,10,1,4,13,1
Irene,10,3,4,14,1
Bourbon Liberty,10,13,4,14,1
Helga Oldendorff,10,3,1,4,2
Solar Roma,10,5,1,4,2
Al Amerat,10,5,1,4,2
Withheld,10,5,1,9,2
AOM Bianca,10,3,1,9,2
Dokos,10,3,1,9,2
PAC Alnath,10,2,1,4,2
Sandpiper Pacific,10,5,1,4,2
Withheld,10,5,1,1,3
ASL Leban,10,2,1,1,3
Belatlantic,10,3,1,1,3
Happy Avocet,10,5,1,14,4
Adria,10,1,1,3,1
Waimea,10,3,2,3,1
Chrystal Arctic,10,5,2,2,1
Withheld,10,4,2,14,1
